{
    "LSTM_90_days": {
        "num_models": 5,
        "mse_mean": 205806.5625,
        "mse_std": 40174.745189999,
        "mae_mean": 351.75873413085935,
        "mae_std": 37.657595938926676,
        "mse_values": [
            192293.53125,
            181054.734375,
            187685.09375,
            285752.5,
            182246.953125
        ],
        "mae_values": [
            341.06390380859375,
            326.7584228515625,
            335.4059753417969,
            426.4096984863281,
            329.1556701660156
        ]
    },
    "LSTM_365_days": {
        "num_models": 5,
        "mse_mean": 174172.909375,
        "mse_std": 13149.370837084636,
        "mae_mean": 320.40208740234374,
        "mae_std": 13.553148960207679,
        "mse_values": [
            198830.40625,
            175533.4375,
            167104.140625,
            161149.90625,
            168246.65625
        ],
        "mae_values": [
            347.17816162109375,
            317.2953186035156,
            311.814697265625,
            311.3857116699219,
            314.3365478515625
        ]
    },
    "Transformer_90_days": {
        "num_models": 5,
        "mse_mean": 160481.70625,
        "mse_std": 6990.337755870767,
        "mae_mean": 302.8782897949219,
        "mae_std": 9.958753777142405,
        "mse_values": [
            154448.734375,
            158978.125,
            173994.65625,
            159107.21875,
            155879.796875
        ],
        "mae_values": [
            293.31878662109375,
            294.9337158203125,
            320.7332763671875,
            299.3471374511719,
            306.05853271484375
        ]
    },
    "Transformer_365_days": {
        "num_models": 5,
        "mse_mean": 191986.88125,
        "mse_std": 10449.096674098122,
        "mae_mean": 343.5813903808594,
        "mae_std": 10.452785090246424,
        "mse_values": [
            205145.484375,
            189735.421875,
            201656.640625,
            187288.21875,
            176108.640625
        ],
        "mae_values": [
            357.43634033203125,
            336.38934326171875,
            352.5616760253906,
            342.8173522949219,
            328.7022399902344
        ]
    },
    "DualPathTransformer_90_days": {
        "num_models": 5,
        "mse_mean": 165004.88125,
        "mse_std": 5772.3064469956325,
        "mae_mean": 311.971533203125,
        "mae_std": 5.112503208521393,
        "mse_values": [
            176067.59375,
            164535.578125,
            163562.390625,
            160576.59375,
            160282.25
        ],
        "mae_values": [
            321.9362487792969,
            309.9601745605469,
            308.797119140625,
            311.2925109863281,
            307.8716125488281
        ]
    },
    "DualPathTransformer_365_days": {
        "num_models": 5,
        "mse_mean": 180161.459375,
        "mse_std": 7196.770157193347,
        "mae_mean": 328.845458984375,
        "mae_std": 7.789873351354675,
        "mse_values": [
            190778.65625,
            171823.75,
            181612.21875,
            184112.828125,
            172479.84375
        ],
        "mae_values": [
            338.0428466796875,
            318.6100158691406,
            332.3495178222656,
            334.638671875,
            320.58624267578125
        ]
    }
}