{
    "LSTM_90_days": {
        "num_models": 5,
        "mse_mean": 286641.878125,
        "mse_std": 33793.94830059663,
        "mae_mean": 428.27955322265626,
        "mae_std": 29.61371728257311,
        "mse_values": [
            283260.625,
            239319.390625,
            299364.40625,
            341522.28125,
            269742.6875
        ],
        "mae_values": [
            416.7879638671875,
            388.45391845703125,
            440.16754150390625,
            477.5582275390625,
            418.43011474609375
        ]
    },
    "LSTM_365_days": {
        "num_models": 5,
        "mse_mean": 237922.121875,
        "mse_std": 28955.569150858297,
        "mae_mean": 386.5560729980469,
        "mae_std": 29.583817656479116,
        "mse_values": [
            237624.078125,
            229288.671875,
            245931.421875,
            193366.96875,
            283399.46875
        ],
        "mae_values": [
            389.4339904785156,
            381.7215881347656,
            392.5577697753906,
            338.1645812988281,
            430.9024353027344
        ]
    },
    "Transformer_90_days": {
        "num_models": 5,
        "mse_mean": 160073.196875,
        "mse_std": 8885.067296676196,
        "mae_mean": 300.969140625,
        "mae_std": 8.151656505499858,
        "mse_values": [
            168902.140625,
            163543.53125,
            168661.15625,
            147096.078125,
            152163.078125
        ],
        "mae_values": [
            307.42413330078125,
            301.45513916015625,
            312.1490478515625,
            292.6737365722656,
            291.1436462402344
        ]
    },
    "Transformer_365_days": {
        "num_models": 5,
        "mse_mean": 149372.8625,
        "mse_std": 4615.95263353927,
        "mae_mean": 295.9397033691406,
        "mae_std": 5.752480188175394,
        "mse_values": [
            146794.0625,
            152307.0,
            153778.625,
            152493.71875,
            141490.90625
        ],
        "mae_values": [
            295.6347351074219,
            300.3597717285156,
            293.5420227050781,
            303.40570068359375,
            286.75628662109375
        ]
    },
    "DualPathTransformer_90_days": {
        "num_models": 5,
        "mse_mean": 161459.11875,
        "mse_std": 5974.473196201395,
        "mae_mean": 300.18132934570315,
        "mae_std": 6.084969870454087,
        "mse_values": [
            162692.625,
            161934.8125,
            160079.359375,
            170642.28125,
            151946.515625
        ],
        "mae_values": [
            303.24383544921875,
            300.98822021484375,
            298.9455871582031,
            308.0870056152344,
            289.6419982910156
        ]
    },
    "DualPathTransformer_365_days": {
        "num_models": 5,
        "mse_mean": 157706.171875,
        "mse_std": 7948.86819117685,
        "mae_mean": 296.5996520996094,
        "mae_std": 8.27799450179517,
        "mse_values": [
            162935.625,
            159357.515625,
            143535.375,
            166757.875,
            155944.46875
        ],
        "mae_values": [
            299.9181213378906,
            300.1251220703125,
            281.5719909667969,
            306.1626892089844,
            295.2203369140625
        ]
    }
}